{
    "shape":"round",
    "N":20.0,
    "wext":2.0,
    "tau_around_0p00_ev":0.9988395907,
    "tau_around_0p01_ev":0.9988370009,
    "tau_around_0p10_ev":0.9988369757,
    "edge_length":6.0,
    "edge_sequence":"XAAAAX",
    "armchair_ratio":0.6666666667,
    "zigzag_ratio":0.0,
    "other_ratio":0.3333333333
}