{
    "shape":"armchair",
    "N":41.0,
    "wext":3.0,
    "tau_around_0p00_ev":0.9994300824,
    "tau_around_0p01_ev":0.999424697,
    "tau_around_0p10_ev":0.9994246444,
    "edge_length":14.0,
    "edge_sequence":"XAAAAAAAAAAAAX",
    "armchair_ratio":0.8571428571,
    "zigzag_ratio":0.0,
    "other_ratio":0.1428571429
}