{
    "shape":"armchair",
    "N":38.0,
    "wext":10.0,
    "tau_around_0p00_ev":0.9900331682,
    "tau_around_0p01_ev":0.9901179963,
    "tau_around_0p10_ev":0.9901188184,
    "edge_length":42.0,
    "edge_sequence":"XAAAAAAAAAAAAAAAAAAAAAAAAAAAAAAAAAAAAAAAAX",
    "armchair_ratio":0.9523809524,
    "zigzag_ratio":0.0,
    "other_ratio":0.0476190476
}