{
    "shape":"round",
    "N":44.0,
    "wext":8.0,
    "tau_around_0p00_ev":0.9784468658,
    "tau_around_0p01_ev":0.9803934012,
    "tau_around_0p10_ev":0.9804090745,
    "edge_length":28.0,
    "edge_sequence":"ZZZZZZZZZZZAAAAAAZZZZZZZZZZZ",
    "armchair_ratio":0.2142857143,
    "zigzag_ratio":0.7857142857,
    "other_ratio":0.0
}