{
    "shape":"armchair",
    "N":65.0,
    "wext":8.0,
    "tau_around_0p00_ev":0.9999211756,
    "tau_around_0p01_ev":0.9999212347,
    "tau_around_0p10_ev":0.9999271358,
    "edge_length":34.0,
    "edge_sequence":"XAAAAAAAAAAAAAAAAAAAAAAAAAAAAAAAAX",
    "armchair_ratio":0.9411764706,
    "zigzag_ratio":0.0,
    "other_ratio":0.0588235294
}