{
    "shape":"zigzag",
    "N":80.0,
    "wext":7.0,
    "tau_around_0p00_ev":0.9982924274,
    "tau_around_0p01_ev":0.9984054023,
    "tau_around_0p10_ev":0.9984062907,
    "edge_length":28.0,
    "edge_sequence":"ZZZZZZZZZZZZZAAZZZZZZZZZZZZZ",
    "armchair_ratio":0.0714285714,
    "zigzag_ratio":0.9285714286,
    "other_ratio":0.0
}