{
    "shape":"round",
    "N":53.0,
    "wext":9.0,
    "tau_around_0p00_ev":0.9918033347,
    "tau_around_0p01_ev":0.9918016326,
    "tau_around_0p10_ev":0.9916208639,
    "edge_length":36.0,
    "edge_sequence":"ZZAAAAZZZAAAAZZAAAAAAZZAAAAZZZAAAAZZ",
    "armchair_ratio":0.6111111111,
    "zigzag_ratio":0.3888888889,
    "other_ratio":0.0
}