{
    "shape":"armchair",
    "N":59.0,
    "wext":1.0,
    "tau_around_0p00_ev":0.9994458766,
    "tau_around_0p01_ev":0.9994387786,
    "tau_around_0p10_ev":0.9994387093,
    "edge_length":6.0,
    "edge_sequence":"XAAAAX",
    "armchair_ratio":0.6666666667,
    "zigzag_ratio":0.0,
    "other_ratio":0.3333333333
}