{
    "shape":"round",
    "N":71.0,
    "wext":8.0,
    "tau_around_0p00_ev":0.9973769163,
    "tau_around_0p01_ev":0.997567446,
    "tau_around_0p10_ev":0.9975689687,
    "edge_length":28.0,
    "edge_sequence":"ZZZZZZZZZZZAAAAAAZZZZZZZZZZZ",
    "armchair_ratio":0.2142857143,
    "zigzag_ratio":0.7857142857,
    "other_ratio":0.0
}