{
    "shape":"zigzag",
    "N":35.0,
    "wext":9.0,
    "tau_around_0p00_ev":0.7177746346,
    "tau_around_0p01_ev":0.7151849389,
    "tau_around_0p10_ev":0.7290024561,
    "edge_length":36.0,
    "edge_sequence":"ZZZZZZZZZZZZZZZZZAAZZZZZZZZZZZZZZZZZ",
    "armchair_ratio":0.0555555556,
    "zigzag_ratio":0.9444444444,
    "other_ratio":0.0
}