{
    "shape":"zigzag",
    "N":20.0,
    "wext":9.0,
    "tau_around_0p00_ev":0.0155265371,
    "tau_around_0p01_ev":0.0150911618,
    "tau_around_0p10_ev":0.2262955819,
    "edge_length":34.0,
    "edge_sequence":"ZZZZZZZZZZZZZZZZAAZZZZZZZZZZZZZZZZ",
    "armchair_ratio":0.0588235294,
    "zigzag_ratio":0.9411764706,
    "other_ratio":0.0
}