{
    "shape":"zigzag",
    "N":56.0,
    "wext":7.0,
    "tau_around_0p00_ev":0.9929892722,
    "tau_around_0p01_ev":0.9936051882,
    "tau_around_0p10_ev":0.9936100779,
    "edge_length":28.0,
    "edge_sequence":"ZZZZZZZZZZZZZAAZZZZZZZZZZZZZ",
    "armchair_ratio":0.0714285714,
    "zigzag_ratio":0.9285714286,
    "other_ratio":0.0
}