{
    "shape":"round",
    "N":62.0,
    "wext":8.0,
    "tau_around_0p00_ev":0.995496336,
    "tau_around_0p01_ev":0.9958587762,
    "tau_around_0p10_ev":0.9958616809,
    "edge_length":28.0,
    "edge_sequence":"ZZZZZZZZZZZAAAAAAZZZZZZZZZZZ",
    "armchair_ratio":0.2142857143,
    "zigzag_ratio":0.7857142857,
    "other_ratio":0.0
}