{
    "shape":"round",
    "N":53.0,
    "wext":8.0,
    "tau_around_0p00_ev":0.9910635014,
    "tau_around_0p01_ev":0.9918392931,
    "tau_around_0p10_ev":0.9918455206,
    "edge_length":28.0,
    "edge_sequence":"ZZZZZZZZZZZAAAAAAZZZZZZZZZZZ",
    "armchair_ratio":0.2142857143,
    "zigzag_ratio":0.7857142857,
    "other_ratio":0.0
}