{
    "shape":"zigzag",
    "N":65.0,
    "wext":7.0,
    "tau_around_0p00_ev":0.996276061,
    "tau_around_0p01_ev":0.9965763416,
    "tau_around_0p10_ev":0.9965787217,
    "edge_length":28.0,
    "edge_sequence":"ZZZZZZZZZZZZZAAZZZZZZZZZZZZZ",
    "armchair_ratio":0.0714285714,
    "zigzag_ratio":0.9285714286,
    "other_ratio":0.0
}