{
    "shape":"armchair",
    "N":32.0,
    "wext":6.0,
    "tau_around_0p00_ev":0.9995743257,
    "tau_around_0p01_ev":0.9995824644,
    "tau_around_0p10_ev":0.9995825429,
    "edge_length":26.0,
    "edge_sequence":"XAAAAAAAAAAAAAAAAAAAAAAAAX",
    "armchair_ratio":0.9230769231,
    "zigzag_ratio":0.0,
    "other_ratio":0.0769230769
}