{
    "shape":"zigzag",
    "N":32.0,
    "wext":3.0,
    "tau_around_0p00_ev":0.997924583,
    "tau_around_0p01_ev":0.9979245951,
    "tau_around_0p10_ev":0.9979258356,
    "edge_length":12.0,
    "edge_sequence":"ZZZZZAAZZZZZ",
    "armchair_ratio":0.1666666667,
    "zigzag_ratio":0.8333333333,
    "other_ratio":0.0
}