{
    "shape":"armchair",
    "N":20.0,
    "wext":6.0,
    "tau_around_0p00_ev":0.9717185532,
    "tau_around_0p01_ev":0.9717180869,
    "tau_around_0p10_ev":0.9716702286,
    "edge_length":26.0,
    "edge_sequence":"XAAAAAAAAAAAAAAAAAAAAAAAAX",
    "armchair_ratio":0.9230769231,
    "zigzag_ratio":0.0,
    "other_ratio":0.0769230769
}