{
    "shape":"armchair",
    "N":44.0,
    "wext":4.0,
    "tau_around_0p00_ev":0.9995903727,
    "tau_around_0p01_ev":0.999584654,
    "tau_around_0p10_ev":0.9995845981,
    "edge_length":18.0,
    "edge_sequence":"XAAAAAAAAAAAAAAAAX",
    "armchair_ratio":0.8888888889,
    "zigzag_ratio":0.0,
    "other_ratio":0.1111111111
}