{
    "shape":"armchair",
    "N":65.0,
    "wext":3.0,
    "tau_around_0p00_ev":0.9995343891,
    "tau_around_0p01_ev":0.9995264466,
    "tau_around_0p10_ev":0.9995263691,
    "edge_length":14.0,
    "edge_sequence":"XAAAAAAAAAAAAX",
    "armchair_ratio":0.8571428571,
    "zigzag_ratio":0.0,
    "other_ratio":0.1428571429
}