{
    "shape":"armchair",
    "N":80.0,
    "wext":10.0,
    "tau_around_0p00_ev":0.9999561407,
    "tau_around_0p01_ev":0.9999562034,
    "tau_around_0p10_ev":0.9999622839,
    "edge_length":42.0,
    "edge_sequence":"XAAAAAAAAAAAAAAAAAAAAAAAAAAAAAAAAAAAAAAAAX",
    "armchair_ratio":0.9523809524,
    "zigzag_ratio":0.0,
    "other_ratio":0.0476190476
}