{
    "shape":"armchair",
    "N":26.0,
    "wext":6.0,
    "tau_around_0p00_ev":0.99620892,
    "tau_around_0p01_ev":0.9962316222,
    "tau_around_0p10_ev":0.9962318428,
    "edge_length":26.0,
    "edge_sequence":"XAAAAAAAAAAAAAAAAAAAAAAAAX",
    "armchair_ratio":0.9230769231,
    "zigzag_ratio":0.0,
    "other_ratio":0.0769230769
}