{
    "shape":"zigzag",
    "N":29.0,
    "wext":11.0,
    "tau_around_0p00_ev":0.0666056569,
    "tau_around_0p01_ev":0.0404344832,
    "tau_around_0p10_ev":0.2168975569,
    "edge_length":44.0,
    "edge_sequence":"ZZZZZZZZZZZZZZZZZZZZZAAZZZZZZZZZZZZZZZZZZZZZ",
    "armchair_ratio":0.0454545455,
    "zigzag_ratio":0.9545454545,
    "other_ratio":0.0
}