{
    "shape":"round",
    "N":29.0,
    "wext":13.0,
    "tau_around_0p00_ev":0.2627202082,
    "tau_around_0p01_ev":0.0444482954,
    "tau_around_0p10_ev":0.0671733936,
    "edge_length":44.0,
    "edge_sequence":"ZZZZZZZZZZZZZZZAAAAAAAAAAAAAAZZZZZZZZZZZZZZZ",
    "armchair_ratio":0.3181818182,
    "zigzag_ratio":0.6818181818,
    "other_ratio":0.0
}