{
    "shape":"armchair",
    "N":74.0,
    "wext":10.0,
    "tau_around_0p00_ev":0.9999860994,
    "tau_around_0p01_ev":0.9999861342,
    "tau_around_0p10_ev":0.9999893215,
    "edge_length":42.0,
    "edge_sequence":"XAAAAAAAAAAAAAAAAAAAAAAAAAAAAAAAAAAAAAAAAX",
    "armchair_ratio":0.9523809524,
    "zigzag_ratio":0.0,
    "other_ratio":0.0476190476
}