{
    "shape":"zigzag",
    "N":62.0,
    "wext":11.0,
    "tau_around_0p00_ev":0.9421244588,
    "tau_around_0p01_ev":0.8948815231,
    "tau_around_0p10_ev":0.9538165358,
    "edge_length":44.0,
    "edge_sequence":"ZZZZZZZZZZZZZZZZZZZZZAAZZZZZZZZZZZZZZZZZZZZZ",
    "armchair_ratio":0.0454545455,
    "zigzag_ratio":0.9545454545,
    "other_ratio":0.0
}