{
    "shape":"armchair",
    "N":62.0,
    "wext":7.0,
    "tau_around_0p00_ev":0.9998569625,
    "tau_around_0p01_ev":0.9998500695,
    "tau_around_0p10_ev":0.9998500014,
    "edge_length":30.0,
    "edge_sequence":"XAAAAAAAAAAAAAAAAAAAAAAAAAAAAX",
    "armchair_ratio":0.9333333333,
    "zigzag_ratio":0.0,
    "other_ratio":0.0666666667
}