{
    "shape":"zigzag",
    "N":20.0,
    "wext":6.0,
    "tau_around_0p00_ev":0.6461845763,
    "tau_around_0p01_ev":0.6461320908,
    "tau_around_0p10_ev":0.6405934684,
    "edge_length":24.0,
    "edge_sequence":"ZZZZZZZZZZZAAZZZZZZZZZZZ",
    "armchair_ratio":0.0833333333,
    "zigzag_ratio":0.9166666667,
    "other_ratio":0.0
}