{
    "shape":"armchair",
    "N":26.0,
    "wext":7.0,
    "tau_around_0p00_ev":0.9875362839,
    "tau_around_0p01_ev":0.9875849466,
    "tau_around_0p10_ev":0.98758542,
    "edge_length":30.0,
    "edge_sequence":"XAAAAAAAAAAAAAAAAAAAAAAAAAAAAX",
    "armchair_ratio":0.9333333333,
    "zigzag_ratio":0.0,
    "other_ratio":0.0666666667
}