{
    "shape":"zigzag",
    "N":77.0,
    "wext":3.0,
    "tau_around_0p00_ev":0.9995196603,
    "tau_around_0p01_ev":0.9995112373,
    "tau_around_0p10_ev":0.9995111551,
    "edge_length":12.0,
    "edge_sequence":"ZZZZZAAZZZZZ",
    "armchair_ratio":0.1666666667,
    "zigzag_ratio":0.8333333333,
    "other_ratio":0.0
}