{
    "shape":"armchair",
    "N":47.0,
    "wext":8.0,
    "tau_around_0p00_ev":0.9998912328,
    "tau_around_0p01_ev":0.999897986,
    "tau_around_0p10_ev":0.9998980497,
    "edge_length":34.0,
    "edge_sequence":"XAAAAAAAAAAAAAAAAAAAAAAAAAAAAAAAAX",
    "armchair_ratio":0.9411764706,
    "zigzag_ratio":0.0,
    "other_ratio":0.0588235294
}